environment,task_id,eligibility,planning_evaluator_error
research,1,UNRESOLVED,
research,2,UNRESOLVED,
research,3,UNRESOLVED,
research,4,UNRESOLVED,
research,5,UNRESOLVED,
research,6,UNRESOLVED,
research,7,UNRESOLVED,
research,8,UNRESOLVED,
research,9,UNRESOLVED,
research,10,UNRESOLVED,
research,11,UNRESOLVED,
research,12,UNRESOLVED,
research,13,UNRESOLVED,
research,14,UNRESOLVED,
research,15,UNRESOLVED,
research,16,UNRESOLVED,
research,17,UNRESOLVED,
research,18,UNRESOLVED,
research,19,UNRESOLVED,
research,20,UNRESOLVED,
research,21,UNRESOLVED,
research,22,UNRESOLVED,
research,23,UNRESOLVED,
research,24,UNRESOLVED,
research,25,UNRESOLVED,
research,26,UNRESOLVED,
research,27,UNRESOLVED,
research,28,UNRESOLVED,
research,29,UNRESOLVED,
research,30,UNRESOLVED,
research,31,UNRESOLVED,
research,32,UNRESOLVED,
research,33,UNRESOLVED,
research,34,UNRESOLVED,
research,35,UNRESOLVED,
research,36,UNRESOLVED,
research,37,UNRESOLVED,
research,38,UNRESOLVED,
research,39,UNRESOLVED,
research,40,UNRESOLVED,
research,41,UNRESOLVED,
research,42,UNRESOLVED,
research,43,UNRESOLVED,
research,44,UNRESOLVED,
research,45,UNRESOLVED,
research,46,UNRESOLVED,
research,47,UNRESOLVED,
research,48,UNRESOLVED,
research,49,UNRESOLVED,
research,50,UNRESOLVED,
research,51,UNRESOLVED,
research,52,UNRESOLVED,
research,53,UNRESOLVED,
research,54,UNRESOLVED,
research,55,UNRESOLVED,
research,56,UNRESOLVED,
research,57,UNRESOLVED,
research,58,UNRESOLVED,
research,59,UNRESOLVED,
research,60,UNRESOLVED,
research,61,UNRESOLVED,
research,62,UNRESOLVED,
research,63,UNRESOLVED,
research,64,UNRESOLVED,
research,65,UNRESOLVED,
research,66,UNRESOLVED,
research,67,UNRESOLVED,
research,68,UNRESOLVED,
research,69,UNRESOLVED,
research,70,UNRESOLVED,
research,71,UNRESOLVED,
research,72,UNRESOLVED,
research,73,UNRESOLVED,
research,74,UNRESOLVED,
research,75,UNRESOLVED,
research,76,UNRESOLVED,
research,77,UNRESOLVED,
research,78,UNRESOLVED,
research,79,UNRESOLVED,
research,80,UNRESOLVED,
research,81,UNRESOLVED,
research,82,UNRESOLVED,
research,83,UNRESOLVED,
research,84,UNRESOLVED,
research,85,UNRESOLVED,
research,86,UNRESOLVED,
research,87,UNRESOLVED,
research,88,UNRESOLVED,
research,89,UNRESOLVED,
research,90,UNRESOLVED,
research,91,UNRESOLVED,
research,92,UNRESOLVED,
research,93,UNRESOLVED,
research,94,UNRESOLVED,
research,95,UNRESOLVED,
research,96,UNRESOLVED,
research,97,UNRESOLVED,
research,98,UNRESOLVED,
research,99,UNRESOLVED,
research,100,UNRESOLVED,
database,1,UNRESOLVED,
database,2,UNRESOLVED,
database,3,UNRESOLVED,
database,4,UNRESOLVED,
database,5,UNRESOLVED,
database,6,UNRESOLVED,
database,7,UNRESOLVED,
database,8,UNRESOLVED,
database,9,UNRESOLVED,
database,10,UNRESOLVED,
database,11,UNRESOLVED,
database,12,UNRESOLVED,
database,13,UNRESOLVED,
database,14,UNRESOLVED,
database,15,UNRESOLVED,
database,16,UNRESOLVED,
database,17,UNRESOLVED,
database,18,UNRESOLVED,
database,19,UNRESOLVED,
database,20,UNRESOLVED,
database,21,UNRESOLVED,
database,22,UNRESOLVED,
database,23,UNRESOLVED,
database,24,UNRESOLVED,
database,25,UNRESOLVED,
database,26,UNRESOLVED,
database,27,UNRESOLVED,
database,28,UNRESOLVED,
database,29,UNRESOLVED,
database,30,UNRESOLVED,
database,31,UNRESOLVED,
database,32,UNRESOLVED,
database,33,UNRESOLVED,
database,34,UNRESOLVED,
database,35,UNRESOLVED,
database,36,UNRESOLVED,
database,37,UNRESOLVED,
database,38,UNRESOLVED,
database,39,UNRESOLVED,
database,40,UNRESOLVED,
database,41,UNRESOLVED,
database,42,UNRESOLVED,
database,43,UNRESOLVED,
database,44,UNRESOLVED,
database,45,UNRESOLVED,
database,46,UNRESOLVED,
database,47,UNRESOLVED,
database,48,UNRESOLVED,
database,49,UNRESOLVED,
database,50,UNRESOLVED,
database,51,UNRESOLVED,
database,52,UNRESOLVED,
database,53,UNRESOLVED,
database,54,UNRESOLVED,
database,55,UNRESOLVED,
database,56,UNRESOLVED,
database,57,UNRESOLVED,
database,58,UNRESOLVED,
database,59,UNRESOLVED,
database,60,UNRESOLVED,
database,61,UNRESOLVED,
database,62,UNRESOLVED,
database,63,UNRESOLVED,
database,64,UNRESOLVED,
database,65,UNRESOLVED,
database,66,UNRESOLVED,
database,67,UNRESOLVED,
database,68,UNRESOLVED,
database,69,UNRESOLVED,
database,70,UNRESOLVED,
database,71,UNRESOLVED,
database,72,UNRESOLVED,
database,73,UNRESOLVED,
database,74,UNRESOLVED,
database,75,UNRESOLVED,
database,76,UNRESOLVED,
database,77,UNRESOLVED,
database,78,UNRESOLVED,
database,79,UNRESOLVED,
database,80,UNRESOLVED,
database,81,UNRESOLVED,
database,82,UNRESOLVED,
database,83,UNRESOLVED,
database,84,UNRESOLVED,
database,85,UNRESOLVED,
database,86,UNRESOLVED,
database,87,UNRESOLVED,
database,88,UNRESOLVED,
database,89,UNRESOLVED,
database,90,UNRESOLVED,
database,91,UNRESOLVED,
database,92,UNRESOLVED,
database,93,UNRESOLVED,
database,94,UNRESOLVED,
database,95,UNRESOLVED,
database,96,UNRESOLVED,
database,97,UNRESOLVED,
database,98,UNRESOLVED,
database,99,UNRESOLVED,
database,100,UNRESOLVED,
coding,1,UNRESOLVED,
coding,2,UNRESOLVED,
coding,3,UNRESOLVED,
coding,4,UNRESOLVED,
coding,5,UNRESOLVED,
coding,6,UNRESOLVED,
coding,7,UNRESOLVED,
coding,8,UNRESOLVED,
coding,9,UNRESOLVED,
coding,10,UNRESOLVED,
coding,11,UNRESOLVED,
coding,12,UNRESOLVED,
coding,13,UNRESOLVED,
coding,14,UNRESOLVED,
coding,15,UNRESOLVED,
coding,16,UNRESOLVED,
coding,17,UNRESOLVED,
coding,18,UNRESOLVED,
coding,19,UNRESOLVED,
coding,20,UNRESOLVED,
coding,21,UNRESOLVED,
coding,22,UNRESOLVED,
coding,23,UNRESOLVED,
coding,24,UNRESOLVED,
coding,25,UNRESOLVED,
coding,26,UNRESOLVED,
coding,27,UNRESOLVED,
coding,28,UNRESOLVED,
coding,29,UNRESOLVED,
coding,30,UNRESOLVED,
coding,31,UNRESOLVED,
coding,32,UNRESOLVED,
coding,33,UNRESOLVED,
coding,34,UNRESOLVED,
coding,35,UNRESOLVED,
coding,36,UNRESOLVED,
coding,37,UNRESOLVED,
coding,38,UNRESOLVED,
coding,39,UNRESOLVED,
coding,40,UNRESOLVED,
coding,41,UNRESOLVED,
coding,42,UNRESOLVED,
coding,43,UNRESOLVED,
coding,44,UNRESOLVED,
coding,45,UNRESOLVED,
coding,46,UNRESOLVED,
coding,47,UNRESOLVED,
coding,48,UNRESOLVED,
coding,49,UNRESOLVED,
coding,50,UNRESOLVED,
coding,51,UNRESOLVED,
coding,52,UNRESOLVED,
coding,53,UNRESOLVED,
coding,54,UNRESOLVED,
coding,55,UNRESOLVED,
coding,56,UNRESOLVED,
coding,57,UNRESOLVED,
coding,58,UNRESOLVED,
coding,59,UNRESOLVED,
coding,60,UNRESOLVED,
coding,61,UNRESOLVED,
coding,62,UNRESOLVED,
coding,63,UNRESOLVED,
coding,64,UNRESOLVED,
coding,65,UNRESOLVED,
coding,66,UNRESOLVED,
coding,67,UNRESOLVED,
coding,68,UNRESOLVED,
coding,69,UNRESOLVED,
coding,70,UNRESOLVED,
coding,71,UNRESOLVED,
coding,72,UNRESOLVED,
coding,73,UNRESOLVED,
coding,74,UNRESOLVED,
coding,75,UNRESOLVED,
coding,76,UNRESOLVED,
coding,77,UNRESOLVED,
coding,78,UNRESOLVED,
coding,79,UNRESOLVED,
coding,80,UNRESOLVED,
coding,81,UNRESOLVED,
coding,82,UNRESOLVED,
coding,83,UNRESOLVED,
coding,84,UNRESOLVED,
coding,85,UNRESOLVED,
coding,86,UNRESOLVED,
coding,87,UNRESOLVED,
coding,88,UNRESOLVED,
coding,89,UNRESOLVED,
coding,90,UNRESOLVED,
coding,91,UNRESOLVED,
coding,92,UNRESOLVED,
coding,93,UNRESOLVED,
coding,94,UNRESOLVED,
coding,95,UNRESOLVED,
coding,96,UNRESOLVED,
coding,97,UNRESOLVED,
coding,98,UNRESOLVED,
coding,99,UNRESOLVED,
coding,100,UNRESOLVED,
