environment,task_id,mock_executable,eligibility,reason
research,1,True,INELIGIBLE,ENVIRONMENT_GENERIC_CONTEXT_STATE_BOUNDARY_FAILURE
research,2,True,INELIGIBLE,ENVIRONMENT_GENERIC_CONTEXT_STATE_BOUNDARY_FAILURE
research,3,True,INELIGIBLE,ENVIRONMENT_GENERIC_CONTEXT_STATE_BOUNDARY_FAILURE
research,4,True,INELIGIBLE,ENVIRONMENT_GENERIC_CONTEXT_STATE_BOUNDARY_FAILURE
research,5,True,INELIGIBLE,ENVIRONMENT_GENERIC_CONTEXT_STATE_BOUNDARY_FAILURE
research,6,True,INELIGIBLE,ENVIRONMENT_GENERIC_CONTEXT_STATE_BOUNDARY_FAILURE
research,7,True,INELIGIBLE,ENVIRONMENT_GENERIC_CONTEXT_STATE_BOUNDARY_FAILURE
research,8,True,INELIGIBLE,ENVIRONMENT_GENERIC_CONTEXT_STATE_BOUNDARY_FAILURE
research,9,True,INELIGIBLE,ENVIRONMENT_GENERIC_CONTEXT_STATE_BOUNDARY_FAILURE
research,10,True,INELIGIBLE,ENVIRONMENT_GENERIC_CONTEXT_STATE_BOUNDARY_FAILURE
research,11,True,INELIGIBLE,ENVIRONMENT_GENERIC_CONTEXT_STATE_BOUNDARY_FAILURE
research,12,True,INELIGIBLE,ENVIRONMENT_GENERIC_CONTEXT_STATE_BOUNDARY_FAILURE
research,13,True,INELIGIBLE,ENVIRONMENT_GENERIC_CONTEXT_STATE_BOUNDARY_FAILURE
research,14,True,INELIGIBLE,ENVIRONMENT_GENERIC_CONTEXT_STATE_BOUNDARY_FAILURE
research,15,True,INELIGIBLE,ENVIRONMENT_GENERIC_CONTEXT_STATE_BOUNDARY_FAILURE
research,16,True,INELIGIBLE,ENVIRONMENT_GENERIC_CONTEXT_STATE_BOUNDARY_FAILURE
research,17,True,INELIGIBLE,ENVIRONMENT_GENERIC_CONTEXT_STATE_BOUNDARY_FAILURE
research,18,True,INELIGIBLE,ENVIRONMENT_GENERIC_CONTEXT_STATE_BOUNDARY_FAILURE
research,19,True,INELIGIBLE,ENVIRONMENT_GENERIC_CONTEXT_STATE_BOUNDARY_FAILURE
research,20,True,INELIGIBLE,ENVIRONMENT_GENERIC_CONTEXT_STATE_BOUNDARY_FAILURE
research,21,True,INELIGIBLE,ENVIRONMENT_GENERIC_CONTEXT_STATE_BOUNDARY_FAILURE
research,22,True,INELIGIBLE,ENVIRONMENT_GENERIC_CONTEXT_STATE_BOUNDARY_FAILURE
research,23,True,INELIGIBLE,ENVIRONMENT_GENERIC_CONTEXT_STATE_BOUNDARY_FAILURE
research,24,True,INELIGIBLE,ENVIRONMENT_GENERIC_CONTEXT_STATE_BOUNDARY_FAILURE
research,25,True,INELIGIBLE,ENVIRONMENT_GENERIC_CONTEXT_STATE_BOUNDARY_FAILURE
research,26,True,INELIGIBLE,ENVIRONMENT_GENERIC_CONTEXT_STATE_BOUNDARY_FAILURE
research,27,True,INELIGIBLE,ENVIRONMENT_GENERIC_CONTEXT_STATE_BOUNDARY_FAILURE
research,28,True,INELIGIBLE,ENVIRONMENT_GENERIC_CONTEXT_STATE_BOUNDARY_FAILURE
research,29,True,INELIGIBLE,ENVIRONMENT_GENERIC_CONTEXT_STATE_BOUNDARY_FAILURE
research,30,True,INELIGIBLE,ENVIRONMENT_GENERIC_CONTEXT_STATE_BOUNDARY_FAILURE
research,31,True,INELIGIBLE,ENVIRONMENT_GENERIC_CONTEXT_STATE_BOUNDARY_FAILURE
research,32,True,INELIGIBLE,ENVIRONMENT_GENERIC_CONTEXT_STATE_BOUNDARY_FAILURE
research,33,True,INELIGIBLE,ENVIRONMENT_GENERIC_CONTEXT_STATE_BOUNDARY_FAILURE
research,34,True,INELIGIBLE,ENVIRONMENT_GENERIC_CONTEXT_STATE_BOUNDARY_FAILURE
research,35,True,INELIGIBLE,ENVIRONMENT_GENERIC_CONTEXT_STATE_BOUNDARY_FAILURE
research,36,True,INELIGIBLE,ENVIRONMENT_GENERIC_CONTEXT_STATE_BOUNDARY_FAILURE
research,37,True,INELIGIBLE,ENVIRONMENT_GENERIC_CONTEXT_STATE_BOUNDARY_FAILURE
research,38,True,INELIGIBLE,ENVIRONMENT_GENERIC_CONTEXT_STATE_BOUNDARY_FAILURE
research,39,True,INELIGIBLE,ENVIRONMENT_GENERIC_CONTEXT_STATE_BOUNDARY_FAILURE
research,40,True,INELIGIBLE,ENVIRONMENT_GENERIC_CONTEXT_STATE_BOUNDARY_FAILURE
research,41,True,INELIGIBLE,ENVIRONMENT_GENERIC_CONTEXT_STATE_BOUNDARY_FAILURE
research,42,True,INELIGIBLE,ENVIRONMENT_GENERIC_CONTEXT_STATE_BOUNDARY_FAILURE
research,43,True,INELIGIBLE,ENVIRONMENT_GENERIC_CONTEXT_STATE_BOUNDARY_FAILURE
research,44,True,INELIGIBLE,ENVIRONMENT_GENERIC_CONTEXT_STATE_BOUNDARY_FAILURE
research,45,True,INELIGIBLE,ENVIRONMENT_GENERIC_CONTEXT_STATE_BOUNDARY_FAILURE
research,46,True,INELIGIBLE,ENVIRONMENT_GENERIC_CONTEXT_STATE_BOUNDARY_FAILURE
research,47,True,INELIGIBLE,ENVIRONMENT_GENERIC_CONTEXT_STATE_BOUNDARY_FAILURE
research,48,True,INELIGIBLE,ENVIRONMENT_GENERIC_CONTEXT_STATE_BOUNDARY_FAILURE
research,49,True,INELIGIBLE,ENVIRONMENT_GENERIC_CONTEXT_STATE_BOUNDARY_FAILURE
research,50,True,INELIGIBLE,ENVIRONMENT_GENERIC_CONTEXT_STATE_BOUNDARY_FAILURE
research,51,True,INELIGIBLE,ENVIRONMENT_GENERIC_CONTEXT_STATE_BOUNDARY_FAILURE
research,52,True,INELIGIBLE,ENVIRONMENT_GENERIC_CONTEXT_STATE_BOUNDARY_FAILURE
research,53,True,INELIGIBLE,ENVIRONMENT_GENERIC_CONTEXT_STATE_BOUNDARY_FAILURE
research,54,True,INELIGIBLE,ENVIRONMENT_GENERIC_CONTEXT_STATE_BOUNDARY_FAILURE
research,55,True,INELIGIBLE,ENVIRONMENT_GENERIC_CONTEXT_STATE_BOUNDARY_FAILURE
research,56,True,INELIGIBLE,ENVIRONMENT_GENERIC_CONTEXT_STATE_BOUNDARY_FAILURE
research,57,True,INELIGIBLE,ENVIRONMENT_GENERIC_CONTEXT_STATE_BOUNDARY_FAILURE
research,58,True,INELIGIBLE,ENVIRONMENT_GENERIC_CONTEXT_STATE_BOUNDARY_FAILURE
research,59,True,INELIGIBLE,ENVIRONMENT_GENERIC_CONTEXT_STATE_BOUNDARY_FAILURE
research,60,True,INELIGIBLE,ENVIRONMENT_GENERIC_CONTEXT_STATE_BOUNDARY_FAILURE
research,61,True,INELIGIBLE,ENVIRONMENT_GENERIC_CONTEXT_STATE_BOUNDARY_FAILURE
research,62,True,INELIGIBLE,ENVIRONMENT_GENERIC_CONTEXT_STATE_BOUNDARY_FAILURE
research,63,True,INELIGIBLE,ENVIRONMENT_GENERIC_CONTEXT_STATE_BOUNDARY_FAILURE
research,64,True,INELIGIBLE,ENVIRONMENT_GENERIC_CONTEXT_STATE_BOUNDARY_FAILURE
research,65,True,INELIGIBLE,ENVIRONMENT_GENERIC_CONTEXT_STATE_BOUNDARY_FAILURE
research,66,True,INELIGIBLE,ENVIRONMENT_GENERIC_CONTEXT_STATE_BOUNDARY_FAILURE
research,67,True,INELIGIBLE,ENVIRONMENT_GENERIC_CONTEXT_STATE_BOUNDARY_FAILURE
research,68,True,INELIGIBLE,ENVIRONMENT_GENERIC_CONTEXT_STATE_BOUNDARY_FAILURE
research,69,True,INELIGIBLE,ENVIRONMENT_GENERIC_CONTEXT_STATE_BOUNDARY_FAILURE
research,70,True,INELIGIBLE,ENVIRONMENT_GENERIC_CONTEXT_STATE_BOUNDARY_FAILURE
research,71,True,INELIGIBLE,ENVIRONMENT_GENERIC_CONTEXT_STATE_BOUNDARY_FAILURE
research,72,True,INELIGIBLE,ENVIRONMENT_GENERIC_CONTEXT_STATE_BOUNDARY_FAILURE
research,73,True,INELIGIBLE,ENVIRONMENT_GENERIC_CONTEXT_STATE_BOUNDARY_FAILURE
research,74,True,INELIGIBLE,ENVIRONMENT_GENERIC_CONTEXT_STATE_BOUNDARY_FAILURE
research,75,True,INELIGIBLE,ENVIRONMENT_GENERIC_CONTEXT_STATE_BOUNDARY_FAILURE
research,76,True,INELIGIBLE,ENVIRONMENT_GENERIC_CONTEXT_STATE_BOUNDARY_FAILURE
research,77,True,INELIGIBLE,ENVIRONMENT_GENERIC_CONTEXT_STATE_BOUNDARY_FAILURE
research,78,True,INELIGIBLE,ENVIRONMENT_GENERIC_CONTEXT_STATE_BOUNDARY_FAILURE
research,79,True,INELIGIBLE,ENVIRONMENT_GENERIC_CONTEXT_STATE_BOUNDARY_FAILURE
research,80,True,INELIGIBLE,ENVIRONMENT_GENERIC_CONTEXT_STATE_BOUNDARY_FAILURE
research,81,True,INELIGIBLE,ENVIRONMENT_GENERIC_CONTEXT_STATE_BOUNDARY_FAILURE
research,82,True,INELIGIBLE,ENVIRONMENT_GENERIC_CONTEXT_STATE_BOUNDARY_FAILURE
research,83,True,INELIGIBLE,ENVIRONMENT_GENERIC_CONTEXT_STATE_BOUNDARY_FAILURE
research,84,True,INELIGIBLE,ENVIRONMENT_GENERIC_CONTEXT_STATE_BOUNDARY_FAILURE
research,85,True,INELIGIBLE,ENVIRONMENT_GENERIC_CONTEXT_STATE_BOUNDARY_FAILURE
research,86,True,INELIGIBLE,ENVIRONMENT_GENERIC_CONTEXT_STATE_BOUNDARY_FAILURE
research,87,True,INELIGIBLE,ENVIRONMENT_GENERIC_CONTEXT_STATE_BOUNDARY_FAILURE
research,88,True,INELIGIBLE,ENVIRONMENT_GENERIC_CONTEXT_STATE_BOUNDARY_FAILURE
research,89,True,INELIGIBLE,ENVIRONMENT_GENERIC_CONTEXT_STATE_BOUNDARY_FAILURE
research,90,True,INELIGIBLE,ENVIRONMENT_GENERIC_CONTEXT_STATE_BOUNDARY_FAILURE
research,91,True,INELIGIBLE,ENVIRONMENT_GENERIC_CONTEXT_STATE_BOUNDARY_FAILURE
research,92,True,INELIGIBLE,ENVIRONMENT_GENERIC_CONTEXT_STATE_BOUNDARY_FAILURE
research,93,True,INELIGIBLE,ENVIRONMENT_GENERIC_CONTEXT_STATE_BOUNDARY_FAILURE
research,94,True,INELIGIBLE,ENVIRONMENT_GENERIC_CONTEXT_STATE_BOUNDARY_FAILURE
research,95,True,INELIGIBLE,ENVIRONMENT_GENERIC_CONTEXT_STATE_BOUNDARY_FAILURE
research,96,True,INELIGIBLE,ENVIRONMENT_GENERIC_CONTEXT_STATE_BOUNDARY_FAILURE
research,97,True,INELIGIBLE,ENVIRONMENT_GENERIC_CONTEXT_STATE_BOUNDARY_FAILURE
research,98,True,INELIGIBLE,ENVIRONMENT_GENERIC_CONTEXT_STATE_BOUNDARY_FAILURE
research,99,True,INELIGIBLE,ENVIRONMENT_GENERIC_CONTEXT_STATE_BOUNDARY_FAILURE
research,100,True,INELIGIBLE,ENVIRONMENT_GENERIC_CONTEXT_STATE_BOUNDARY_FAILURE
database,1,True,INELIGIBLE,ENVIRONMENT_GENERIC_CONTEXT_STATE_BOUNDARY_FAILURE
database,2,True,INELIGIBLE,ENVIRONMENT_GENERIC_CONTEXT_STATE_BOUNDARY_FAILURE
database,3,True,INELIGIBLE,ENVIRONMENT_GENERIC_CONTEXT_STATE_BOUNDARY_FAILURE
database,4,True,INELIGIBLE,ENVIRONMENT_GENERIC_CONTEXT_STATE_BOUNDARY_FAILURE
database,5,True,INELIGIBLE,ENVIRONMENT_GENERIC_CONTEXT_STATE_BOUNDARY_FAILURE
database,6,True,INELIGIBLE,ENVIRONMENT_GENERIC_CONTEXT_STATE_BOUNDARY_FAILURE
database,7,True,INELIGIBLE,ENVIRONMENT_GENERIC_CONTEXT_STATE_BOUNDARY_FAILURE
database,8,True,INELIGIBLE,ENVIRONMENT_GENERIC_CONTEXT_STATE_BOUNDARY_FAILURE
database,9,True,INELIGIBLE,ENVIRONMENT_GENERIC_CONTEXT_STATE_BOUNDARY_FAILURE
database,10,True,INELIGIBLE,ENVIRONMENT_GENERIC_CONTEXT_STATE_BOUNDARY_FAILURE
database,11,True,INELIGIBLE,ENVIRONMENT_GENERIC_CONTEXT_STATE_BOUNDARY_FAILURE
database,12,True,INELIGIBLE,ENVIRONMENT_GENERIC_CONTEXT_STATE_BOUNDARY_FAILURE
database,13,True,INELIGIBLE,ENVIRONMENT_GENERIC_CONTEXT_STATE_BOUNDARY_FAILURE
database,14,True,INELIGIBLE,ENVIRONMENT_GENERIC_CONTEXT_STATE_BOUNDARY_FAILURE
database,15,True,INELIGIBLE,ENVIRONMENT_GENERIC_CONTEXT_STATE_BOUNDARY_FAILURE
database,16,True,INELIGIBLE,ENVIRONMENT_GENERIC_CONTEXT_STATE_BOUNDARY_FAILURE
database,17,True,INELIGIBLE,ENVIRONMENT_GENERIC_CONTEXT_STATE_BOUNDARY_FAILURE
database,18,True,INELIGIBLE,ENVIRONMENT_GENERIC_CONTEXT_STATE_BOUNDARY_FAILURE
database,19,True,INELIGIBLE,ENVIRONMENT_GENERIC_CONTEXT_STATE_BOUNDARY_FAILURE
database,20,True,INELIGIBLE,ENVIRONMENT_GENERIC_CONTEXT_STATE_BOUNDARY_FAILURE
database,21,True,INELIGIBLE,ENVIRONMENT_GENERIC_CONTEXT_STATE_BOUNDARY_FAILURE
database,22,True,INELIGIBLE,ENVIRONMENT_GENERIC_CONTEXT_STATE_BOUNDARY_FAILURE
database,23,True,INELIGIBLE,ENVIRONMENT_GENERIC_CONTEXT_STATE_BOUNDARY_FAILURE
database,24,True,INELIGIBLE,ENVIRONMENT_GENERIC_CONTEXT_STATE_BOUNDARY_FAILURE
database,25,True,INELIGIBLE,ENVIRONMENT_GENERIC_CONTEXT_STATE_BOUNDARY_FAILURE
database,26,True,INELIGIBLE,ENVIRONMENT_GENERIC_CONTEXT_STATE_BOUNDARY_FAILURE
database,27,True,INELIGIBLE,ENVIRONMENT_GENERIC_CONTEXT_STATE_BOUNDARY_FAILURE
database,28,True,INELIGIBLE,ENVIRONMENT_GENERIC_CONTEXT_STATE_BOUNDARY_FAILURE
database,29,True,INELIGIBLE,ENVIRONMENT_GENERIC_CONTEXT_STATE_BOUNDARY_FAILURE
database,30,True,INELIGIBLE,ENVIRONMENT_GENERIC_CONTEXT_STATE_BOUNDARY_FAILURE
database,31,True,INELIGIBLE,ENVIRONMENT_GENERIC_CONTEXT_STATE_BOUNDARY_FAILURE
database,32,True,INELIGIBLE,ENVIRONMENT_GENERIC_CONTEXT_STATE_BOUNDARY_FAILURE
database,33,True,INELIGIBLE,ENVIRONMENT_GENERIC_CONTEXT_STATE_BOUNDARY_FAILURE
database,34,True,INELIGIBLE,ENVIRONMENT_GENERIC_CONTEXT_STATE_BOUNDARY_FAILURE
database,35,True,INELIGIBLE,ENVIRONMENT_GENERIC_CONTEXT_STATE_BOUNDARY_FAILURE
database,36,True,INELIGIBLE,ENVIRONMENT_GENERIC_CONTEXT_STATE_BOUNDARY_FAILURE
database,37,True,INELIGIBLE,ENVIRONMENT_GENERIC_CONTEXT_STATE_BOUNDARY_FAILURE
database,38,True,INELIGIBLE,ENVIRONMENT_GENERIC_CONTEXT_STATE_BOUNDARY_FAILURE
database,39,True,INELIGIBLE,ENVIRONMENT_GENERIC_CONTEXT_STATE_BOUNDARY_FAILURE
database,40,True,INELIGIBLE,ENVIRONMENT_GENERIC_CONTEXT_STATE_BOUNDARY_FAILURE
database,41,True,INELIGIBLE,ENVIRONMENT_GENERIC_CONTEXT_STATE_BOUNDARY_FAILURE
database,42,True,INELIGIBLE,ENVIRONMENT_GENERIC_CONTEXT_STATE_BOUNDARY_FAILURE
database,43,True,INELIGIBLE,ENVIRONMENT_GENERIC_CONTEXT_STATE_BOUNDARY_FAILURE
database,44,True,INELIGIBLE,ENVIRONMENT_GENERIC_CONTEXT_STATE_BOUNDARY_FAILURE
database,45,True,INELIGIBLE,ENVIRONMENT_GENERIC_CONTEXT_STATE_BOUNDARY_FAILURE
database,46,True,INELIGIBLE,ENVIRONMENT_GENERIC_CONTEXT_STATE_BOUNDARY_FAILURE
database,47,True,INELIGIBLE,ENVIRONMENT_GENERIC_CONTEXT_STATE_BOUNDARY_FAILURE
database,48,True,INELIGIBLE,ENVIRONMENT_GENERIC_CONTEXT_STATE_BOUNDARY_FAILURE
database,49,True,INELIGIBLE,ENVIRONMENT_GENERIC_CONTEXT_STATE_BOUNDARY_FAILURE
database,50,True,INELIGIBLE,ENVIRONMENT_GENERIC_CONTEXT_STATE_BOUNDARY_FAILURE
database,51,True,INELIGIBLE,ENVIRONMENT_GENERIC_CONTEXT_STATE_BOUNDARY_FAILURE
database,52,True,INELIGIBLE,ENVIRONMENT_GENERIC_CONTEXT_STATE_BOUNDARY_FAILURE
database,53,True,INELIGIBLE,ENVIRONMENT_GENERIC_CONTEXT_STATE_BOUNDARY_FAILURE
database,54,True,INELIGIBLE,ENVIRONMENT_GENERIC_CONTEXT_STATE_BOUNDARY_FAILURE
database,55,True,INELIGIBLE,ENVIRONMENT_GENERIC_CONTEXT_STATE_BOUNDARY_FAILURE
database,56,True,INELIGIBLE,ENVIRONMENT_GENERIC_CONTEXT_STATE_BOUNDARY_FAILURE
database,57,True,INELIGIBLE,ENVIRONMENT_GENERIC_CONTEXT_STATE_BOUNDARY_FAILURE
database,58,True,INELIGIBLE,ENVIRONMENT_GENERIC_CONTEXT_STATE_BOUNDARY_FAILURE
database,59,True,INELIGIBLE,ENVIRONMENT_GENERIC_CONTEXT_STATE_BOUNDARY_FAILURE
database,60,True,INELIGIBLE,ENVIRONMENT_GENERIC_CONTEXT_STATE_BOUNDARY_FAILURE
database,61,True,INELIGIBLE,ENVIRONMENT_GENERIC_CONTEXT_STATE_BOUNDARY_FAILURE
database,62,True,INELIGIBLE,ENVIRONMENT_GENERIC_CONTEXT_STATE_BOUNDARY_FAILURE
database,63,True,INELIGIBLE,ENVIRONMENT_GENERIC_CONTEXT_STATE_BOUNDARY_FAILURE
database,64,True,INELIGIBLE,ENVIRONMENT_GENERIC_CONTEXT_STATE_BOUNDARY_FAILURE
database,65,True,INELIGIBLE,ENVIRONMENT_GENERIC_CONTEXT_STATE_BOUNDARY_FAILURE
database,66,True,INELIGIBLE,ENVIRONMENT_GENERIC_CONTEXT_STATE_BOUNDARY_FAILURE
database,67,True,INELIGIBLE,ENVIRONMENT_GENERIC_CONTEXT_STATE_BOUNDARY_FAILURE
database,68,True,INELIGIBLE,ENVIRONMENT_GENERIC_CONTEXT_STATE_BOUNDARY_FAILURE
database,69,True,INELIGIBLE,ENVIRONMENT_GENERIC_CONTEXT_STATE_BOUNDARY_FAILURE
database,70,True,INELIGIBLE,ENVIRONMENT_GENERIC_CONTEXT_STATE_BOUNDARY_FAILURE
database,71,True,INELIGIBLE,ENVIRONMENT_GENERIC_CONTEXT_STATE_BOUNDARY_FAILURE
database,72,True,INELIGIBLE,ENVIRONMENT_GENERIC_CONTEXT_STATE_BOUNDARY_FAILURE
database,73,True,INELIGIBLE,ENVIRONMENT_GENERIC_CONTEXT_STATE_BOUNDARY_FAILURE
database,74,True,INELIGIBLE,ENVIRONMENT_GENERIC_CONTEXT_STATE_BOUNDARY_FAILURE
database,75,True,INELIGIBLE,ENVIRONMENT_GENERIC_CONTEXT_STATE_BOUNDARY_FAILURE
database,76,True,INELIGIBLE,ENVIRONMENT_GENERIC_CONTEXT_STATE_BOUNDARY_FAILURE
database,77,True,INELIGIBLE,ENVIRONMENT_GENERIC_CONTEXT_STATE_BOUNDARY_FAILURE
database,78,True,INELIGIBLE,ENVIRONMENT_GENERIC_CONTEXT_STATE_BOUNDARY_FAILURE
database,79,True,INELIGIBLE,ENVIRONMENT_GENERIC_CONTEXT_STATE_BOUNDARY_FAILURE
database,80,True,INELIGIBLE,ENVIRONMENT_GENERIC_CONTEXT_STATE_BOUNDARY_FAILURE
database,81,True,INELIGIBLE,ENVIRONMENT_GENERIC_CONTEXT_STATE_BOUNDARY_FAILURE
database,82,True,INELIGIBLE,ENVIRONMENT_GENERIC_CONTEXT_STATE_BOUNDARY_FAILURE
database,83,True,INELIGIBLE,ENVIRONMENT_GENERIC_CONTEXT_STATE_BOUNDARY_FAILURE
database,84,True,INELIGIBLE,ENVIRONMENT_GENERIC_CONTEXT_STATE_BOUNDARY_FAILURE
database,85,True,INELIGIBLE,ENVIRONMENT_GENERIC_CONTEXT_STATE_BOUNDARY_FAILURE
database,86,True,INELIGIBLE,ENVIRONMENT_GENERIC_CONTEXT_STATE_BOUNDARY_FAILURE
database,87,True,INELIGIBLE,ENVIRONMENT_GENERIC_CONTEXT_STATE_BOUNDARY_FAILURE
database,88,True,INELIGIBLE,ENVIRONMENT_GENERIC_CONTEXT_STATE_BOUNDARY_FAILURE
database,89,True,INELIGIBLE,ENVIRONMENT_GENERIC_CONTEXT_STATE_BOUNDARY_FAILURE
database,90,True,INELIGIBLE,ENVIRONMENT_GENERIC_CONTEXT_STATE_BOUNDARY_FAILURE
database,91,True,INELIGIBLE,ENVIRONMENT_GENERIC_CONTEXT_STATE_BOUNDARY_FAILURE
database,92,True,INELIGIBLE,ENVIRONMENT_GENERIC_CONTEXT_STATE_BOUNDARY_FAILURE
database,93,True,INELIGIBLE,ENVIRONMENT_GENERIC_CONTEXT_STATE_BOUNDARY_FAILURE
database,94,True,INELIGIBLE,ENVIRONMENT_GENERIC_CONTEXT_STATE_BOUNDARY_FAILURE
database,95,True,INELIGIBLE,ENVIRONMENT_GENERIC_CONTEXT_STATE_BOUNDARY_FAILURE
database,96,True,INELIGIBLE,ENVIRONMENT_GENERIC_CONTEXT_STATE_BOUNDARY_FAILURE
database,97,True,INELIGIBLE,ENVIRONMENT_GENERIC_CONTEXT_STATE_BOUNDARY_FAILURE
database,98,True,INELIGIBLE,ENVIRONMENT_GENERIC_CONTEXT_STATE_BOUNDARY_FAILURE
database,99,True,INELIGIBLE,ENVIRONMENT_GENERIC_CONTEXT_STATE_BOUNDARY_FAILURE
database,100,True,INELIGIBLE,ENVIRONMENT_GENERIC_CONTEXT_STATE_BOUNDARY_FAILURE
coding,1,True,INELIGIBLE,ENVIRONMENT_GENERIC_CONTEXT_STATE_BOUNDARY_FAILURE
coding,2,True,INELIGIBLE,ENVIRONMENT_GENERIC_CONTEXT_STATE_BOUNDARY_FAILURE
coding,3,True,INELIGIBLE,ENVIRONMENT_GENERIC_CONTEXT_STATE_BOUNDARY_FAILURE
coding,4,True,INELIGIBLE,ENVIRONMENT_GENERIC_CONTEXT_STATE_BOUNDARY_FAILURE
coding,5,True,INELIGIBLE,ENVIRONMENT_GENERIC_CONTEXT_STATE_BOUNDARY_FAILURE
coding,6,True,INELIGIBLE,ENVIRONMENT_GENERIC_CONTEXT_STATE_BOUNDARY_FAILURE
coding,7,True,INELIGIBLE,ENVIRONMENT_GENERIC_CONTEXT_STATE_BOUNDARY_FAILURE
coding,8,True,INELIGIBLE,ENVIRONMENT_GENERIC_CONTEXT_STATE_BOUNDARY_FAILURE
coding,9,True,INELIGIBLE,ENVIRONMENT_GENERIC_CONTEXT_STATE_BOUNDARY_FAILURE
coding,10,True,INELIGIBLE,ENVIRONMENT_GENERIC_CONTEXT_STATE_BOUNDARY_FAILURE
coding,11,True,INELIGIBLE,ENVIRONMENT_GENERIC_CONTEXT_STATE_BOUNDARY_FAILURE
coding,12,True,INELIGIBLE,ENVIRONMENT_GENERIC_CONTEXT_STATE_BOUNDARY_FAILURE
coding,13,True,INELIGIBLE,ENVIRONMENT_GENERIC_CONTEXT_STATE_BOUNDARY_FAILURE
coding,14,True,INELIGIBLE,ENVIRONMENT_GENERIC_CONTEXT_STATE_BOUNDARY_FAILURE
coding,15,True,INELIGIBLE,ENVIRONMENT_GENERIC_CONTEXT_STATE_BOUNDARY_FAILURE
coding,16,True,INELIGIBLE,ENVIRONMENT_GENERIC_CONTEXT_STATE_BOUNDARY_FAILURE
coding,17,True,INELIGIBLE,ENVIRONMENT_GENERIC_CONTEXT_STATE_BOUNDARY_FAILURE
coding,18,True,INELIGIBLE,ENVIRONMENT_GENERIC_CONTEXT_STATE_BOUNDARY_FAILURE
coding,19,True,INELIGIBLE,ENVIRONMENT_GENERIC_CONTEXT_STATE_BOUNDARY_FAILURE
coding,20,True,INELIGIBLE,ENVIRONMENT_GENERIC_CONTEXT_STATE_BOUNDARY_FAILURE
coding,21,True,INELIGIBLE,ENVIRONMENT_GENERIC_CONTEXT_STATE_BOUNDARY_FAILURE
coding,22,True,INELIGIBLE,ENVIRONMENT_GENERIC_CONTEXT_STATE_BOUNDARY_FAILURE
coding,23,True,INELIGIBLE,ENVIRONMENT_GENERIC_CONTEXT_STATE_BOUNDARY_FAILURE
coding,24,True,INELIGIBLE,ENVIRONMENT_GENERIC_CONTEXT_STATE_BOUNDARY_FAILURE
coding,25,True,INELIGIBLE,ENVIRONMENT_GENERIC_CONTEXT_STATE_BOUNDARY_FAILURE
coding,26,True,INELIGIBLE,ENVIRONMENT_GENERIC_CONTEXT_STATE_BOUNDARY_FAILURE
coding,27,True,INELIGIBLE,ENVIRONMENT_GENERIC_CONTEXT_STATE_BOUNDARY_FAILURE
coding,28,True,INELIGIBLE,ENVIRONMENT_GENERIC_CONTEXT_STATE_BOUNDARY_FAILURE
coding,29,True,INELIGIBLE,ENVIRONMENT_GENERIC_CONTEXT_STATE_BOUNDARY_FAILURE
coding,30,True,INELIGIBLE,ENVIRONMENT_GENERIC_CONTEXT_STATE_BOUNDARY_FAILURE
coding,31,True,INELIGIBLE,ENVIRONMENT_GENERIC_CONTEXT_STATE_BOUNDARY_FAILURE
coding,32,True,INELIGIBLE,ENVIRONMENT_GENERIC_CONTEXT_STATE_BOUNDARY_FAILURE
coding,33,True,INELIGIBLE,ENVIRONMENT_GENERIC_CONTEXT_STATE_BOUNDARY_FAILURE
coding,34,True,INELIGIBLE,ENVIRONMENT_GENERIC_CONTEXT_STATE_BOUNDARY_FAILURE
coding,35,True,INELIGIBLE,ENVIRONMENT_GENERIC_CONTEXT_STATE_BOUNDARY_FAILURE
coding,36,True,INELIGIBLE,ENVIRONMENT_GENERIC_CONTEXT_STATE_BOUNDARY_FAILURE
coding,37,True,INELIGIBLE,ENVIRONMENT_GENERIC_CONTEXT_STATE_BOUNDARY_FAILURE
coding,38,True,INELIGIBLE,ENVIRONMENT_GENERIC_CONTEXT_STATE_BOUNDARY_FAILURE
coding,39,True,INELIGIBLE,ENVIRONMENT_GENERIC_CONTEXT_STATE_BOUNDARY_FAILURE
coding,40,True,INELIGIBLE,ENVIRONMENT_GENERIC_CONTEXT_STATE_BOUNDARY_FAILURE
coding,41,True,INELIGIBLE,ENVIRONMENT_GENERIC_CONTEXT_STATE_BOUNDARY_FAILURE
coding,42,True,INELIGIBLE,ENVIRONMENT_GENERIC_CONTEXT_STATE_BOUNDARY_FAILURE
coding,43,True,INELIGIBLE,ENVIRONMENT_GENERIC_CONTEXT_STATE_BOUNDARY_FAILURE
coding,44,True,INELIGIBLE,ENVIRONMENT_GENERIC_CONTEXT_STATE_BOUNDARY_FAILURE
coding,45,True,INELIGIBLE,ENVIRONMENT_GENERIC_CONTEXT_STATE_BOUNDARY_FAILURE
coding,46,True,INELIGIBLE,ENVIRONMENT_GENERIC_CONTEXT_STATE_BOUNDARY_FAILURE
coding,47,True,INELIGIBLE,ENVIRONMENT_GENERIC_CONTEXT_STATE_BOUNDARY_FAILURE
coding,48,True,INELIGIBLE,ENVIRONMENT_GENERIC_CONTEXT_STATE_BOUNDARY_FAILURE
coding,49,True,INELIGIBLE,ENVIRONMENT_GENERIC_CONTEXT_STATE_BOUNDARY_FAILURE
coding,50,True,INELIGIBLE,ENVIRONMENT_GENERIC_CONTEXT_STATE_BOUNDARY_FAILURE
coding,51,True,INELIGIBLE,ENVIRONMENT_GENERIC_CONTEXT_STATE_BOUNDARY_FAILURE
coding,52,True,INELIGIBLE,ENVIRONMENT_GENERIC_CONTEXT_STATE_BOUNDARY_FAILURE
coding,53,True,INELIGIBLE,ENVIRONMENT_GENERIC_CONTEXT_STATE_BOUNDARY_FAILURE
coding,54,True,INELIGIBLE,ENVIRONMENT_GENERIC_CONTEXT_STATE_BOUNDARY_FAILURE
coding,55,True,INELIGIBLE,ENVIRONMENT_GENERIC_CONTEXT_STATE_BOUNDARY_FAILURE
coding,56,True,INELIGIBLE,ENVIRONMENT_GENERIC_CONTEXT_STATE_BOUNDARY_FAILURE
coding,57,True,INELIGIBLE,ENVIRONMENT_GENERIC_CONTEXT_STATE_BOUNDARY_FAILURE
coding,58,True,INELIGIBLE,ENVIRONMENT_GENERIC_CONTEXT_STATE_BOUNDARY_FAILURE
coding,59,True,INELIGIBLE,ENVIRONMENT_GENERIC_CONTEXT_STATE_BOUNDARY_FAILURE
coding,60,True,INELIGIBLE,ENVIRONMENT_GENERIC_CONTEXT_STATE_BOUNDARY_FAILURE
coding,61,True,INELIGIBLE,ENVIRONMENT_GENERIC_CONTEXT_STATE_BOUNDARY_FAILURE
coding,62,True,INELIGIBLE,ENVIRONMENT_GENERIC_CONTEXT_STATE_BOUNDARY_FAILURE
coding,63,True,INELIGIBLE,ENVIRONMENT_GENERIC_CONTEXT_STATE_BOUNDARY_FAILURE
coding,64,True,INELIGIBLE,ENVIRONMENT_GENERIC_CONTEXT_STATE_BOUNDARY_FAILURE
coding,65,True,INELIGIBLE,ENVIRONMENT_GENERIC_CONTEXT_STATE_BOUNDARY_FAILURE
coding,66,True,INELIGIBLE,ENVIRONMENT_GENERIC_CONTEXT_STATE_BOUNDARY_FAILURE
coding,67,True,INELIGIBLE,ENVIRONMENT_GENERIC_CONTEXT_STATE_BOUNDARY_FAILURE
coding,68,True,INELIGIBLE,ENVIRONMENT_GENERIC_CONTEXT_STATE_BOUNDARY_FAILURE
coding,69,True,INELIGIBLE,ENVIRONMENT_GENERIC_CONTEXT_STATE_BOUNDARY_FAILURE
coding,70,True,INELIGIBLE,ENVIRONMENT_GENERIC_CONTEXT_STATE_BOUNDARY_FAILURE
coding,71,True,INELIGIBLE,ENVIRONMENT_GENERIC_CONTEXT_STATE_BOUNDARY_FAILURE
coding,72,True,INELIGIBLE,ENVIRONMENT_GENERIC_CONTEXT_STATE_BOUNDARY_FAILURE
coding,73,True,INELIGIBLE,ENVIRONMENT_GENERIC_CONTEXT_STATE_BOUNDARY_FAILURE
coding,74,True,INELIGIBLE,ENVIRONMENT_GENERIC_CONTEXT_STATE_BOUNDARY_FAILURE
coding,75,True,INELIGIBLE,ENVIRONMENT_GENERIC_CONTEXT_STATE_BOUNDARY_FAILURE
coding,76,True,INELIGIBLE,ENVIRONMENT_GENERIC_CONTEXT_STATE_BOUNDARY_FAILURE
coding,77,True,INELIGIBLE,ENVIRONMENT_GENERIC_CONTEXT_STATE_BOUNDARY_FAILURE
coding,78,True,INELIGIBLE,ENVIRONMENT_GENERIC_CONTEXT_STATE_BOUNDARY_FAILURE
coding,79,True,INELIGIBLE,ENVIRONMENT_GENERIC_CONTEXT_STATE_BOUNDARY_FAILURE
coding,80,True,INELIGIBLE,ENVIRONMENT_GENERIC_CONTEXT_STATE_BOUNDARY_FAILURE
coding,81,True,INELIGIBLE,ENVIRONMENT_GENERIC_CONTEXT_STATE_BOUNDARY_FAILURE
coding,82,True,INELIGIBLE,ENVIRONMENT_GENERIC_CONTEXT_STATE_BOUNDARY_FAILURE
coding,83,True,INELIGIBLE,ENVIRONMENT_GENERIC_CONTEXT_STATE_BOUNDARY_FAILURE
coding,84,True,INELIGIBLE,ENVIRONMENT_GENERIC_CONTEXT_STATE_BOUNDARY_FAILURE
coding,85,True,INELIGIBLE,ENVIRONMENT_GENERIC_CONTEXT_STATE_BOUNDARY_FAILURE
coding,86,True,INELIGIBLE,ENVIRONMENT_GENERIC_CONTEXT_STATE_BOUNDARY_FAILURE
coding,87,True,INELIGIBLE,ENVIRONMENT_GENERIC_CONTEXT_STATE_BOUNDARY_FAILURE
coding,88,True,INELIGIBLE,ENVIRONMENT_GENERIC_CONTEXT_STATE_BOUNDARY_FAILURE
coding,89,True,INELIGIBLE,ENVIRONMENT_GENERIC_CONTEXT_STATE_BOUNDARY_FAILURE
coding,90,True,INELIGIBLE,ENVIRONMENT_GENERIC_CONTEXT_STATE_BOUNDARY_FAILURE
coding,91,True,INELIGIBLE,ENVIRONMENT_GENERIC_CONTEXT_STATE_BOUNDARY_FAILURE
coding,92,True,INELIGIBLE,ENVIRONMENT_GENERIC_CONTEXT_STATE_BOUNDARY_FAILURE
coding,93,True,INELIGIBLE,ENVIRONMENT_GENERIC_CONTEXT_STATE_BOUNDARY_FAILURE
coding,94,True,INELIGIBLE,ENVIRONMENT_GENERIC_CONTEXT_STATE_BOUNDARY_FAILURE
coding,95,True,INELIGIBLE,ENVIRONMENT_GENERIC_CONTEXT_STATE_BOUNDARY_FAILURE
coding,96,True,INELIGIBLE,ENVIRONMENT_GENERIC_CONTEXT_STATE_BOUNDARY_FAILURE
coding,97,True,INELIGIBLE,ENVIRONMENT_GENERIC_CONTEXT_STATE_BOUNDARY_FAILURE
coding,98,True,INELIGIBLE,ENVIRONMENT_GENERIC_CONTEXT_STATE_BOUNDARY_FAILURE
coding,99,True,INELIGIBLE,ENVIRONMENT_GENERIC_CONTEXT_STATE_BOUNDARY_FAILURE
coding,100,True,INELIGIBLE,ENVIRONMENT_GENERIC_CONTEXT_STATE_BOUNDARY_FAILURE
